{
  "bindings": [
    {
      "authLevel": "anonymous",
      "type": "httpTrigger",
      "direction": "in",
      "name": "req",
      "methods": ["post"],
      "route": "event"
    },
    {
      "type": "http",
      "direction": "out",
      "name": "res"
    },
    {
      "type": "queue",
      "direction": "out",
      "name": "outputQueueItem",
      "queueName": "saq-queue-vmoney-pw",
      "connection": "AzureWebJobsStorage"
    }
  ],
  "scriptFile": "../dist/HttpExample/index.js"
}

